{
  "builtin_entity_scope": [],
  "config": {
    "unit_name": "tfidf_vectorizer",
    "use_stemming": false,
    "word_clusters_name": null
  },
  "language_code": "en",
  "vectorizer": {
    "idf_diag": [
      2.348349429555767,
      3.633547673804289,
      3.4904468301636156,
      3.308125273369661,
      4.812202670145935,
      4.812202670145935,
      3.4259083090260445,
      4.252586882210513,
      4.406737562037771,
      4.812202670145935,
      4.11905548958599,
      4.812202670145935,
      4.252586882210513,
      4.406737562037771,
      4.252586882210513,
      4.406737562037771,
      4.11905548958599,
      4.406737562037771,
      2.732761128466099,
      3.308125273369661,
      3.7135903814778253,
      3.063002815336676,
      2.9404004932443435,
      4.001272453929607,
      4.252586882210513,
      3.5594397016505672,
      3.7135903814778253,
      4.11905548958599,
      3.633547673804289,
      2.979621206397625,
      4.406737562037771,
      4.406737562037771,
      1.8677636909794948,
      3.063002815336676,
      2.460827412982457,
      3.5594397016505672,
      4.406737562037771,
      3.1539745935424026,
      3.2540580520993854,
      3.063002815336676,
      3.800601758467455,
      3.89591193827178
    ],
    "vocab": {
      "?": 0,
      "a": 1,
      "an": 2,
      "be": 3,
      "cafeteria": 4,
      "can": 5,
      "comic": 6,
      "could": 7,
      "day": 8,
      "display": 9,
      "do": 10,
      "eat": 11,
      "food": 12,
      "forecast": 13,
      "from": 14,
      "funny": 15,
      "going": 16,
      "how": 17,
      "i": 18,
      "is": 19,
      "it": 20,
      "like": 21,
      "me": 22,
      "mensa": 23,
      "menue": 24,
      "need": 25,
      "offering": 26,
      "rain": 27,
      "see": 28,
      "show": 29,
      "something": 30,
      "tell": 31,
      "the": 32,
      "to": 33,
      "today": 34,
      "umbrella": 35,
      "us": 36,
      "weather": 37,
      "what": 38,
      "will": 39,
      "would": 40,
      "you": 41
    }
  }
}