{
  "builtin_entity_scope": [
    "snips/datetime",
    "snips/musicArtist",
    "snips/city",
    "snips/musicTrack"
  ],
  "config": {
    "unit_name": "tfidf_vectorizer",
    "use_stemming": true,
    "word_clusters_name": null
  },
  "language_code": "de",
  "vectorizer": {
    "idf_diag": [
      2.8312012012793515,
      4.589059118831726,
      3.800601758467455,
      4.406737562037771,
      4.406737562037771,
      4.001272453929607,
      4.406737562037771,
      3.10745457790751,
      2.1041524690437248,
      1.4799981599707313,
      2.9026601652614965,
      3.2027647577118348,
      4.406737562037771,
      3.800601758467455,
      3.633547673804289,
      3.633547673804289,
      3.0204432009178803,
      4.589059118831726,
      4.589059118831726,
      3.4259083090260445,
      4.589059118831726,
      3.7135903814778253,
      4.252586882210513,
      4.11905548958599,
      4.589059118831726,
      5.099884742597716,
      3.4259083090260445,
      4.589059118831726,
      4.589059118831726,
      3.5594397016505672,
      2.76450982678068,
      4.406737562037771,
      3.2027647577118348,
      4.589059118831726,
      4.252586882210513,
      3.1539745935424026,
      3.308125273369661,
      4.589059118831726,
      4.589059118831726,
      4.589059118831726,
      4.589059118831726,
      4.589059118831726,
      4.406737562037771,
      4.589059118831726,
      4.589059118831726,
      4.001272453929607,
      4.589059118831726,
      4.589059118831726,
      3.633547673804289,
      3.4259083090260445,
      3.3652836872096095,
      3.4904468301636156,
      3.3652836872096095,
      3.5594397016505672,
      4.589059118831726
    ],
    "vocab": {
      "?": 0,
      "am": 1,
      "an": 2,
      "auf": 3,
      "aus": 4,
      "bitt": 5,
      "brauch": 6,
      "builtinentityfeaturesnipscity": 7,
      "builtinentityfeaturesnipsdatetime": 8,
      "builtinentityfeaturesnipsmusicartist": 9,
      "builtinentityfeaturesnipsmusictrack": 10,
      "das": 11,
      "dein": 12,
      "dem": 13,
      "den": 14,
      "der": 15,
      "ein": 16,
      "entityfeaturemenu": 17,
      "erzahl": 18,
      "es": 19,
      "essensplan": 20,
      "etwas": 21,
      "fur": 22,
      "geb": 23,
      "gern": 24,
      "gunstig": 25,
      "hab": 26,
      "heut": 27,
      "heutig": 28,
      "hor": 29,
      "ich": 30,
      "im": 31,
      "in": 32,
      "lustigster": 33,
      "mach": 34,
      "mensa": 35,
      "mir": 36,
      "mog": 37,
      "musik": 38,
      "nenn": 39,
      "plan": 40,
      "schneien": 41,
      "seh": 42,
      "spass": 43,
      "speiseplan": 44,
      "spiel": 45,
      "steh": 46,
      "tagesmenu": 47,
      "von": 48,
      "was": 49,
      "wett": 50,
      "wie": 51,
      "witz": 52,
      "woll": 53,
      "zeig": 54
    }
  }
}