{
  "builtin_entity_scope": [
    "snips/musicAlbum",
    "snips/city",
    "snips/musicArtist",
    "snips/musicTrack",
    "snips/datetime"
  ],
  "config": {
    "unit_name": "tfidf_vectorizer",
    "use_stemming": true,
    "word_clusters_name": null
  },
  "language_code": "de",
  "vectorizer": {
    "idf_diag": [
      2.56091087153944,
      4.589059118831726,
      5.099884742597716,
      4.11905548958599,
      4.001272453929607,
      4.812202670145935,
      2.979621206397625,
      2.0396139479061537,
      2.866292521090622,
      1.4799981599707313,
      2.732761128466099,
      2.9026601652614965,
      4.812202670145935,
      3.4259083090260445,
      2.866292521090622,
      4.589059118831726,
      4.252586882210513,
      3.2027647577118348,
      3.89591193827178,
      5.505349850705881,
      3.7135903814778253,
      3.2027647577118348,
      3.800601758467455,
      5.099884742597716,
      4.001272453929607,
      3.063002815336676,
      4.812202670145935,
      4.252586882210513,
      5.505349850705881,
      5.099884742597716,
      4.589059118831726,
      3.4259083090260445,
      5.505349850705881,
      3.4259083090260445,
      4.589059118831726,
      4.812202670145935,
      5.505349850705881,
      5.099884742597716,
      5.099884742597716,
      5.099884742597716,
      4.812202670145935,
      5.099884742597716,
      5.505349850705881,
      5.099884742597716,
      5.099884742597716,
      5.099884742597716,
      3.5594397016505672,
      5.505349850705881,
      5.505349850705881,
      5.099884742597716,
      5.099884742597716,
      5.099884742597716,
      5.099884742597716,
      3.800601758467455,
      3.10745457790751,
      3.800601758467455,
      5.505349850705881,
      3.4904468301636156,
      3.4259083090260445,
      5.099884742597716
    ],
    "vocab": {
      "?": 0,
      "ab": 1,
      "album": 2,
      "auf": 3,
      "bitt": 4,
      "brauch": 5,
      "builtinentityfeaturesnipscity": 6,
      "builtinentityfeaturesnipsdatetime": 7,
      "builtinentityfeaturesnipsmusicalbum": 8,
      "builtinentityfeaturesnipsmusicartist": 9,
      "builtinentityfeaturesnipsmusictrack": 10,
      "das": 11,
      "dein": 12,
      "der": 13,
      "ein": 14,
      "entityfeaturemenu": 15,
      "erzahl": 16,
      "es": 17,
      "ess": 18,
      "essensplan": 19,
      "geb": 20,
      "hab": 21,
      "heut": 22,
      "heutig": 23,
      "hor": 24,
      "in": 25,
      "kenn": 26,
      "lied": 27,
      "lustig": 28,
      "lustigster": 29,
      "mal": 30,
      "mensa": 31,
      "mensaplan": 32,
      "mir": 33,
      "mog": 34,
      "musik": 35,
      "nach": 36,
      "nachmittag": 37,
      "nenn": 38,
      "regn": 39,
      "regnet": 40,
      "schein": 41,
      "schneien": 42,
      "sonn": 43,
      "spass": 44,
      "speiseplan": 45,
      "spiel": 46,
      "start": 47,
      "steh": 48,
      "tagesmenu": 49,
      "ulk": 50,
      "um": 51,
      "vegetar": 52,
      "von": 53,
      "was": 54,
      "wett": 55,
      "wettervorhersag": 56,
      "wie": 57,
      "witz": 58,
      "zeig": 59
    }
  }
}