{
  "builtin_entity_scope": [
    "snips/musicArtist",
    "snips/musicTrack",
    "snips/musicAlbum",
    "snips/datetime",
    "snips/city"
  ],
  "config": {
    "unit_name": "tfidf_vectorizer",
    "use_stemming": true,
    "word_clusters_name": null
  },
  "language_code": "de",
  "vectorizer": {
    "idf_diag": [
      5.321922710604176,
      2.50851199384414,
      4.811097086838186,
      5.727387818712341,
      4.811097086838186,
      4.223310421936066,
      5.727387818712341,
      4.0226397264739155,
      5.727387818712341,
      3.053239169285812,
      2.026085844599847,
      2.8651869377828723,
      1.5152602208338564,
      3.053239169285812,
      3.088330489097082,
      3.3760125615488628,
      5.727387818712341,
      3.4760960201058455,
      5.727387818712341,
      2.8941744746561247,
      4.811097086838186,
      5.727387818712341,
      4.223310421936066,
      3.3760125615488628,
      4.223310421936066,
      5.727387818712341,
      3.7814776696570274,
      5.727387818712341,
      5.321922710604176,
      5.034240638152395,
      5.727387818712341,
      3.7124847981700757,
      5.321922710604176,
      4.34109345759245,
      3.24248116892434,
      5.034240638152395,
      5.321922710604176,
      5.727387818712341,
      4.474624850216973,
      5.321922710604176,
      5.727387818712341,
      4.474624850216973,
      4.34109345759245,
      3.58732165521607,
      5.321922710604176,
      5.321922710604176,
      4.34109345759245,
      3.32949254591397,
      5.034240638152395,
      5.034240638152395,
      5.321922710604176,
      5.727387818712341,
      5.727387818712341,
      3.6479462770325046,
      5.321922710604176,
      5.034240638152395,
      5.321922710604176,
      5.727387818712341,
      5.321922710604176,
      5.727387818712341,
      5.727387818712341,
      5.034240638152395,
      3.58732165521607,
      5.727387818712341,
      5.034240638152395,
      5.727387818712341,
      5.727387818712341,
      5.321922710604176,
      5.727387818712341,
      5.727387818712341,
      3.855585641810749,
      3.285040783343136,
      5.034240638152395,
      3.088330489097082,
      3.7124847981700757,
      5.727387818712341,
      3.3760125615488628,
      3.58732165521607,
      5.321922710604176,
      3.7124847981700757,
      5.727387818712341
    ],
    "vocab": {
      "!": 0,
      "?": 1,
      "ab": 2,
      "abspiel": 3,
      "am": 4,
      "auf": 5,
      "bekannt": 6,
      "bitt": 7,
      "bring": 8,
      "builtinentityfeaturesnipscity": 9,
      "builtinentityfeaturesnipsdatetime": 10,
      "builtinentityfeaturesnipsmusicalbum": 11,
      "builtinentityfeaturesnipsmusicartist": 12,
      "builtinentityfeaturesnipsmusictrack": 13,
      "das": 14,
      "der": 15,
      "des": 16,
      "du": 17,
      "e": 18,
      "ein": 19,
      "entityfeaturemenu": 20,
      "erheitere": 21,
      "erzahl": 22,
      "es": 23,
      "ess": 24,
      "essensplan": 25,
      "geb": 26,
      "gerad": 27,
      "gericht": 28,
      "gern": 29,
      "gibt": 30,
      "heut": 31,
      "heutig": 32,
      "hor": 33,
      "in": 34,
      "kenn": 35,
      "lach": 36,
      "langweil": 37,
      "lied": 38,
      "lustig": 39,
      "lustigster": 40,
      "mach": 41,
      "mal": 42,
      "mensa": 43,
      "mensaplan": 44,
      "menuplan": 45,
      "mich": 46,
      "mir": 47,
      "mog": 48,
      "musik": 49,
      "nach": 50,
      "nachmittag": 51,
      "nenn": 52,
      "nicht": 53,
      "regenschirm": 54,
      "regn": 55,
      "regnet": 56,
      "schein": 57,
      "song": 58,
      "sonn": 59,
      "spass": 60,
      "speiseplan": 61,
      "spiel": 62,
      "start": 63,
      "steh": 64,
      "stimmung": 65,
      "ulk": 66,
      "um": 67,
      "unterhalt": 68,
      "vegetar": 69,
      "von": 70,
      "was": 71,
      "welch": 72,
      "werd": 73,
      "wett": 74,
      "wettervorhersag": 75,
      "wie": 76,
      "witz": 77,
      "zeig": 78,
      "zu": 79,
      "zum": 80
    }
  }
}