{
  "builtin_entity_scope": [
    "snips/musicArtist",
    "snips/musicAlbum",
    "snips/datetime",
    "snips/city",
    "snips/musicTrack"
  ],
  "config": {
    "unit_name": "tfidf_vectorizer",
    "use_stemming": true,
    "word_clusters_name": null
  },
  "language_code": "de",
  "vectorizer": {
    "idf_diag": [
      2.6721365066496645,
      4.406737562037771,
      4.406737562037771,
      4.406737562037771,
      4.11905548958599,
      4.589059118831726,
      5.099884742597716,
      4.252586882210513,
      2.9026601652614965,
      1.9080375901174347,
      2.484924964561518,
      1.4193735381542962,
      2.8312012012793515,
      2.979621206397625,
      4.001272453929607,
      3.4259083090260445,
      2.76450982678068,
      3.7135903814778253,
      3.5594397016505672,
      3.2027647577118348,
      4.11905548958599,
      3.89591193827178,
      5.505349850705881,
      3.4904468301636156,
      4.812202670145935,
      4.11905548958599,
      4.812202670145935,
      5.099884742597716,
      3.4259083090260445,
      4.11905548958599,
      2.9404004932443435,
      4.252586882210513,
      3.89591193827178,
      3.800601758467455,
      3.10745457790751,
      4.589059118831726,
      5.505349850705881,
      4.812202670145935,
      5.505349850705881,
      5.099884742597716,
      3.4259083090260445,
      4.11905548958599,
      4.812202670145935,
      2.460827412982457,
      4.812202670145935,
      5.099884742597716,
      3.5594397016505672,
      5.505349850705881,
      5.099884742597716,
      5.099884742597716,
      3.2540580520993854,
      5.099884742597716,
      3.0204432009178803,
      3.1539745935424026,
      3.3652836872096095,
      3.4259083090260445,
      4.812202670145935,
      5.099884742597716,
      4.812202670145935
    ],
    "vocab": {
      "?": 0,
      "ab": 1,
      "album": 2,
      "am": 3,
      "aus": 4,
      "bielefeld": 5,
      "biet": 6,
      "bitt": 7,
      "builtinentityfeaturesnipscity": 8,
      "builtinentityfeaturesnipsdatetime": 9,
      "builtinentityfeaturesnipsmusicalbum": 10,
      "builtinentityfeaturesnipsmusicartist": 11,
      "builtinentityfeaturesnipsmusictrack": 12,
      "das": 13,
      "dem": 14,
      "der": 15,
      "ein": 16,
      "entityfeaturemenu": 17,
      "erzahl": 18,
      "es": 19,
      "ess": 20,
      "etwas": 21,
      "gag": 22,
      "geb": 23,
      "gericht": 24,
      "gern": 25,
      "gunstig": 26,
      "gutersloh": 27,
      "heut": 28,
      "hor": 29,
      "in": 30,
      "mach": 31,
      "mal": 32,
      "mensa": 33,
      "mir": 34,
      "morg": 35,
      "musik": 36,
      "nen": 37,
      "nenn": 38,
      "new": 39,
      "nicht": 40,
      "sag": 41,
      "schein": 42,
      "sein": 43,
      "sonn": 44,
      "sonntag": 45,
      "spiel": 46,
      "ulkig": 47,
      "vegan": 48,
      "vegetar": 49,
      "von": 50,
      "wangerooge": 51,
      "was": 52,
      "wett": 53,
      "wie": 54,
      "witz": 55,
      "witzig": 56,
      "york": 57,
      "zum": 58
    }
  }
}